{"tau_1": 0.4097330351681068, "tau_2": 0.9122122757097822, "l_1": 0.07732996991990494, "l_2": 0.1897284620428656, "mu_1": -0.16098102271750847, "mu_2": -1.3155309313616401, "mu_u_1": [-0.17945896808725978, 0.13653422685263814, 2.239276489659797, 2.030383788862903, -1.9708322707787584, -1.7576872142398081, -0.9511721956220363, -0.6168035961727524, 0.8439879709833132, 1.1861620210010015], "mu_u_2": [-0.4148269990206942, -1.1771984770684216, -0.23348971661599555, 1.614543477132052, -0.33750999541633747, -0.19656333175658947, -0.7119557328910848, -0.5786403919306207, 0.5475560864093187, 0.15983088034971316], "u": [0.03346890176207708, 0.1961729137507328, 0.25792131495045295, 0.4753865536190619, 0.8414633285644798, 0.1251453587576385, 0.32469924659344773, 0.38995571841565835, 0.7267953321087651, 0.9468765591186595], "llhood": -35.179072074305836}