{"tau_1": 0.4040668195659999, "tau_2": 0.09683381042450007, "l_1": 0.07450611243846504, "l_2": 1.772999527955948, "mu_1": -0.04969567354013809, "mu_2": -1.0023253700779682, "mu_u_1": [0.09919380997984384, 0.726957807913154, 0.5827200794681117, -0.6313096327872499, -1.8866792169231787, -1.9055453657581756, 0.6143387493452472, 2.748115741543569, -0.7664718679364457, 0.9092294679151337], "mu_u_2": [-0.07218466497886801, 0.13871258930060756, -0.000950484225343749, -0.03351536319299069, -0.05920357771104945, -0.0004741582645404894, 0.005550108211516669, 0.0016294022200559887, 0.0007791279476615052, -0.005530353515852913], "u": [0.024603534245589104, 0.22548755226017733, 0.27943718595723754, 0.6016514389689849, 0.8522746784843913, 0.1337571884175324, 0.7157937446094839, 0.4890763206989242, 0.7948286638552114, 0.9562350187706783], "llhood": -42.30359222954957}