{"tau_1": 0.40389273752268506, "tau_2": 1.0226547839087519, "l_1": 0.07548631649255728, "l_2": 0.19141924234591742, "mu_1": -0.10187841380645875, "mu_2": -1.3098937415610814, "mu_u_1": [-1.8801272565325353, 0.6611114115795225, 0.028147993127279478, 1.7614222602889946, -2.1720311162684784, 1.375941070394217, 2.0605058014297613, 0.11911505800608635, 0.7369303561781296, 1.495988071102814], "mu_u_2": [-0.9894211653168036, -0.6538817551687559, 0.7620434715894989, 1.7953859455909884, -0.6789977599120676, 0.13854623028734012, -0.08093259079632431, 0.10811680919279205, 0.5143141817043224, 0.1930917877281652], "u": [0.11332585120148828, 0.1807445501000535, 0.3611364238491404, 0.4646006486311031, 0.8331768913675441, 0.028069068731907145, 0.2493527035266545, 0.2983834438854203, 0.7237467994044149, 0.9440074494558777], "llhood": -30.190783901194685}