{"tau_1": 0.3930003929724594, "tau_2": 1.094649655082371, "l_1": 0.08005810809619554, "l_2": 0.1965821645892766, "mu_1": 0.12466572766025882, "mu_2": -1.4440293740166033, "mu_u_1": [0.023860850777569175, -1.4104296381659474, 2.361502468642237, 1.6756505409398024, -1.838267745917796, -1.3924898009027227, -1.3794009837231018, -0.32776368604013434, -0.5798771339836185, 0.8076570616325505], "mu_u_2": [-0.8821598343501705, -0.45269352899569437, -0.20611439603043022, 1.2980491260973739, -0.01654189696903747, -0.17286441353121548, -0.9263048274850092, 0.2511268326373324, 1.2728810616713273, -0.08749666771713353], "u": [0.021448611791507324, 0.17317182123821287, 0.24806603830741158, 0.4809428218543471, 0.8530542966866853, 0.11129285459656853, 0.38136501089518277, 0.3160997236869318, 0.5925559466266611, 0.9656983592454828], "llhood": -36.80798400351634}