{"tau_1": 0.591609402325536, "tau_2": 0.14321262798285594, "l_1": 0.09014180051891987, "l_2": 0.2903091319026971, "mu_1": -0.10898898803568696, "mu_2": -1.5247253454000118, "mu_u_1": [-0.437076797849555, -0.09170403604897295, 0.1212715323767254, 0.4270011967577596, -1.9109206766943412, -2.165015196096274, 1.5924599977850864, 2.3130019822387275, 1.681846176460468, 1.4873572170133336], "mu_u_2": [-0.5387288268626927, -0.2038582945713842, 0.35650680915409716, 0.6729488059082032, -0.07610421424915499, -0.033438653516265134, 0.007673150453316592, -0.050925853093901574, 0.05196016608136611, 0.018556232110366312], "u": [0.02851803997383642, 0.19663025324560368, 0.37210211905794865, 0.601166044310254, 0.8484306611345455, 0.12551229006410303, 0.26822321324413223, 0.5010750003171718, 0.7182447139440469, 0.957790115993499], "llhood": -23.798182004475898}