{"tau_1": 0.7037534597617654, "tau_2": 0.1802636673479666, "l_1": 0.09125286242951697, "l_2": 0.21386164524449472, "mu_1": 0.07502079218859892, "mu_2": -1.3733437839749651, "mu_u_1": [-1.4931065094730231, -0.3524300190646874, 0.15836611696877212, -0.6128935906104926, -1.7476383534231612, 1.2238767830389468, 1.5571478728366122, 2.1218440724655223, 2.022535721284909, 1.1234082280682567], "mu_u_2": [-0.7144986886407662, 0.1364563923990448, 0.5215916438172709, 0.9315698149891954, -0.29663280550355714, -0.07621106132305092, -0.047600172397444136, 0.14307666545915163, -0.025933486427313104, -0.14940701929177755], "u": [0.0921120789720586, 0.16354628610468602, 0.3575112957304998, 0.618766114509201, 0.8331472162960117, 0.012669498104079526, 0.2518111034143793, 0.48116349399149155, 0.7131571269924435, 0.9571496269784054], "llhood": -32.80182098743322}