{"tau_1": 0.4028905811073178, "tau_2": 0.17966940248134833, "l_1": 0.07532279514053751, "l_2": 0.2209420628255108, "mu_1": -0.09340828979660484, "mu_2": -1.3129588864797417, "mu_u_1": [-0.019611465025557946, -0.63804671210864, 1.6479566361065945, 1.932678448218047, -2.0762533268773593, -2.1173505958302816, 1.0787236718314444, -0.8280592929610622, 0.7302133888588589, 1.3534401003989363], "mu_u_2": [-0.5498264601331609, 0.0006550666566172399, 0.4695225155477816, 1.2049550477793, -0.16268931793449, -0.11528283188388212, 0.1865683525392484, -0.4617676550172381, 0.7109212466932284, -0.035073406074997364], "u": [0.023054033951652775, 0.18735054237993537, 0.2945108983183021, 0.4694846322381308, 0.8494001572551845, 0.11971106740574605, 0.24466098370248054, 0.3662422608410778, 0.7204408918239387, 0.9579268608368279], "llhood": -33.66959479445725}