{"tau_1": 0.4094613509005023, "tau_2": 0.5958231152985608, "l_1": 0.07134237360751837, "l_2": 0.25447172388922523, "mu_1": 0.14947099691895008, "mu_2": -1.2695445597295887, "mu_u_1": [-2.4326546503516533, 0.48683588577352305, -0.05014157553609342, 2.090484702422377, -1.7513622954122041, 0.829724797624166, 1.7221108372708984, -0.1259880801931959, -1.1339044547754016, 0.5259054674688535], "mu_u_2": [-0.9242531695623004, -0.0043186677418946395, 0.26362844316887624, 1.2622819686083364, 0.36331216746339656, -0.07998510723378888, 0.19068233698952486, -0.3893837258725672, 0.7294686790864547, -0.4716391620941841], "u": [0.10710936597856852, 0.18350262261232891, 0.3380495113787827, 0.4890217337504395, 0.8479574214969955, 0.0188579203814977, 0.2627648652038741, 0.4070868036188549, 0.5801275413008915, 0.9632647979490616], "llhood": -36.775471460830104}