{"tau_1": 0.4188379011924328, "tau_2": 0.41858052131610135, "l_1": 0.07607588299976788, "l_2": 0.20284870983349046, "mu_1": 0.08803068134913782, "mu_2": -1.3173882732247943, "mu_u_1": [-0.3161119543616739, -0.7147842280887448, 0.4639859583682355, 1.9575439312699738, -1.9305920905571883, -2.5195824917784937, 1.9495777122707494, -0.5604958767184449, -0.3538657713577333, 0.7389610867958537], "mu_u_2": [-0.7835361816863221, -0.3671384789782867, 0.6944945087139562, 1.1596855160149346, -0.03059816082817439, -0.07580354631603337, 0.039039173548103864, 0.09898546546849628, 0.9811044452435383, -0.2774871721259913], "u": [0.025930565588565532, 0.18328713811976366, 0.3952882641468641, 0.4657191936569595, 0.8506185881675364, 0.11549757673784654, 0.2531999452918669, 0.3303139626610412, 0.6172747648318604, 0.9611813541774463], "llhood": -32.72055624865633}