{"tau_1": 0.618945507173631, "tau_2": 0.3320389050236392, "l_1": 0.09707871035498296, "l_2": 0.1904564041298462, "mu_1": 0.022890936159543972, "mu_2": -1.3708852853264466, "mu_u_1": [-1.5959730099828244, 0.3442235073041588, 0.37101390369870735, 0.28371427429745777, -2.061085059037247, 1.2418680698442184, 1.7131490317831903, 1.7817911343492516, 0.7735181131008634, 1.2836127915894158], "mu_u_2": [-0.8586601217130759, -0.003913937087441795, 0.07772472436592873, 1.460781679870569, -0.30630767759421995, -0.1979993957962272, -0.10117910759268366, 0.007527336422055237, 0.22443605616919793, 0.09370503540344248], "u": [0.1167098793945626, 0.15647566115255399, 0.35114340646521447, 0.6045199404064955, 0.8468723453233657, 0.024269997848922257, 0.2379372815256875, 0.47332325935315084, 0.7398350119658811, 0.9576077656205028], "llhood": -33.793771658403045}