{"tau_1": 0.36125105296149096, "tau_2": 1.2444168838392067, "l_1": 0.07452272000132049, "l_2": 0.2436489449106767, "mu_1": 0.10124588717233635, "mu_2": -1.4656552112506633, "mu_u_1": [-0.062218765862559006, -0.10300711391405981, 1.5147526454984952, 1.800532378042949, -1.8082314469987761, -1.3352569269363854, -1.6233746816757275, -1.6845347042127736, -0.7131932532428473, 1.1623291653704886], "mu_u_2": [-0.9967136729580466, -0.44806155726022334, 0.5061230161330794, 1.6286690761130946, -0.08275806041247592, -0.10456857322558737, -0.43845897481877133, 0.05890098620204673, 0.722154267602716, -0.20959619372916485], "u": [0.009404046160205586, 0.20600412353557393, 0.2682610359969473, 0.46767222884916093, 0.8681083202119209, 0.07431285724414739, 0.3553567754192152, 0.13861547473289684, 0.613598328325087, 0.9648836583544342], "llhood": -36.05410882904123}