{"tau_1": 0.44992729784837293, "tau_2": 0.29069172986601377, "l_1": 0.08078725725239776, "l_2": 0.1635454151547783, "mu_1": -0.07462428080098328, "mu_2": -1.2461333361093017, "mu_u_1": [-1.8781830902265169, 0.6050892601412864, 1.9089373464919381, 0.166621578612038, -1.9502297551597647, 1.3646677327746028, 1.3760682105702378, -1.1684993981042198, 0.46336082579404897, 1.4331121382854415], "mu_u_2": [-0.8142884649574257, -0.12475988241837624, 0.8775951420298861, 1.2830828535539, -0.2269156019834431, -0.260913974126311, -0.24705858266827918, -0.13159044575315676, -0.07620962895187611, 0.018576597459489124], "u": [0.11060094241412302, 0.1770945115591357, 0.4542720586307511, 0.5651991344561378, 0.8336184013351445, 0.01714877236083291, 0.2560748554105952, 0.3540352818635669, 0.7135015635471235, 0.9518416828648043], "llhood": -34.705277939762425}