{"tau_1": 0.4676842344108291, "tau_2": 0.6804257510828903, "l_1": 0.08393825007667809, "l_2": 0.22947861764959335, "mu_1": 0.17301333852027911, "mu_2": -1.6403654618791217, "mu_u_1": [0.03339449400673947, 0.25768377202899706, 0.9086606633890841, 1.9759957685798903, -2.1682342603658076, -2.0366785126376135, -1.5234428667571598, -2.1200450399038737, -0.5569631038550883, 0.7760155295597054], "mu_u_2": [-0.7967557506808298, -0.7852300590963984, 0.05719501081492793, 0.9872624520286697, 0.5600149690996229, -0.20514565707556667, -0.5178438757443652, -0.014481675658809416, 1.1806603240839937, -0.2083835688727507], "u": [0.011420765798437938, 0.21704279157207393, 0.2853607058127255, 0.4680895216883946, 0.8555730875251226, 0.07834351176445731, 0.36228929050884856, 0.1427580607159963, 0.6059998981153314, 0.96425055411256], "llhood": -23.56974771072582}