{"tau_1": 0.3376467534507346, "tau_2": 0.2537477010012386, "l_1": 0.06182041536243322, "l_2": 0.31323616790210085, "mu_1": 0.18738171859901823, "mu_2": -0.8986467372707325, "mu_u_1": [-0.003673713306359964, -0.552801144297995, 1.8229810253811827, 0.42896716675068935, -0.6212320836525749, -1.7925410749117634, -1.4001085483343965, -0.6282486491563227, 1.78240900319209, -2.0687438949746073], "mu_u_2": [-0.7443558713683156, -0.24491935940770157, 0.1188387882425865, 0.4927054003134875, 0.9806069418405913, 0.021429395958282357, 0.012857247364448725, 0.09024392222905658, -0.23742562196367764, 0.30426193939209434], "u": [0.015622250674787319, 0.1986041058564629, 0.26453832974404773, 0.3997055207830546, 0.5857150031238662, 0.0807249131171318, 0.12761096238849762, 0.33566154035012336, 0.46661826154301783, 0.8442495866704933], "llhood": -40.86963132418195}