{"tau_1": 0.3611720819628527, "tau_2": 0.6360909202898037, "l_1": 0.07254874831048477, "l_2": 0.23127046406690896, "mu_1": -0.09310929122110927, "mu_2": -1.1774844417705013, "mu_u_1": [0.044568147294585234, -2.1860546054087115, 0.7991961467875345, 1.7304969239403145, -1.8637410444136921, 4.312049497485942e-06, 1.6449905175264283, -0.7687455990509584, 1.3461599042226033, 1.087415301594308], "mu_u_2": [-0.9179748178935155, -0.18297084067579586, 0.35339843889055844, 1.4987551507902992, -0.1398216217048726, 0.004587480748109801, 0.33057880471816775, -0.4588231653967554, 0.6862288501264755, -0.14396956668425961], "u": [0.02477447638979833, 0.12744112317362594, 0.2989354919078504, 0.46493791662712425, 0.8449592764183723, -0.4979505941497365, 0.24244509049541915, 0.36413191936427053, 0.7284852765038214, 0.957926522395178], "llhood": -42.88089097944017}