{"tau_1": 0.4247595362334308, "tau_2": 1.1438872404892684, "l_1": 0.07948595524671832, "l_2": 0.252104247843177, "mu_1": -0.11344074741587089, "mu_2": -1.6873088841184423, "mu_u_1": [-0.21076931172025215, 1.2661914239198178, -0.6576215158817197, 2.6521597869319122, -1.841003793832385, -1.039939847509059, -0.5205504307148481, -2.260821790650408, 0.5948389807411092, 1.1583763543669023], "mu_u_2": [-1.0466488187888519, -0.17927547582389644, 1.2822055981643528, 1.2830090577377236, -0.20930993624683603, 0.009351851800595692, -0.12220449563923795, 0.08079565912881843, 0.7448311906358946, 0.11298358240647922], "u": [0.007694968982687934, 0.2781411428185606, 0.3607569577668627, 0.4693436693053337, 0.8445936602919965, 0.07481262061670937, 0.20327050364965962, 0.1308121015519287, 0.7284580008057795, 0.9596092326505546], "llhood": -29.455584514057026}