{"tau_1": 0.40448284584263494, "tau_2": 0.6174655500068712, "l_1": 0.07843755588752632, "l_2": 0.2840962701728042, "mu_1": 0.21541982467411175, "mu_2": -1.2206618265833264, "mu_u_1": [-0.24566834635235643, -1.7350499801238157, 1.6212871479378195, 1.7974330374758676, 0.00965201245925506, -1.154032037606319, -0.12350165599520314, -1.3900728480494147, -0.5017742971973185, -2.376695614390126], "mu_u_2": [-0.995140236466766, -0.7180193505610882, 0.06342254693836458, 1.0991492615636482, 0.7865490697984295, -0.06053280316631552, -0.2115055134624903, -0.16678799463714816, 0.38870685295135465, 0.126926591231624], "u": [0.013826660908259097, 0.15833366960790146, 0.22610173418670745, 0.4650288589389279, 0.7244742681473639, 0.09135198373192424, 0.28948660388457875, 0.36280674433452714, 0.5842572389897879, 0.8356430633751103], "llhood": -38.45822276029722}