{"tau_1": 0.4932722452151499, "tau_2": 0.5243254585489101, "l_1": 0.08886055968399267, "l_2": 0.1537316775667635, "mu_1": -0.02983667703776129, "mu_2": -1.2534962715492028, "mu_u_1": [-0.1319755125262346, 0.33809310114071434, 0.4824677616493809, 0.22464137393908346, -1.6212247281619072, -2.5124695908702135, 0.589697132979083, 2.211092292302596, 0.37110706553060296, 1.0823962135746186], "mu_u_2": [-0.5166460449308635, -0.8252908321819141, 0.02747416435134564, 1.6675605452897209, -0.17630353394380147, 0.2638113660494244, -0.39877407249231006, 0.4789599339712366, 0.33803635142083777, -0.23085000299940978], "u": [0.031553467097013024, 0.21452452811596054, 0.37635076385517147, 0.5819777748492391, 0.8495381908578739, 0.1264205150212134, 0.29022612662978986, 0.476130547740327, 0.7374754405572432, 0.9568950193293765], "llhood": -37.04929916945398}