{"tau_1": 0.4119400522925377, "tau_2": 0.7396748717167638, "l_1": 0.07207655605259664, "l_2": 0.2197314310819035, "mu_1": 0.060714175302311095, "mu_2": -1.2062709431761787, "mu_u_1": [-2.256020992465002, -0.13176047519200013, 0.7848068087265396, -0.20883445988941804, -1.75206048301956, 0.762181948773972, 2.033106969415647, 1.8839943865082138, -0.5459015065687585, 1.17447016514753], "mu_u_2": [-0.9380956498632718, -0.6694620199146597, -0.13841167552351233, 0.8104064188696393, 0.6537962768844632, 0.14422797824733116, 0.13848194067036554, 1.0182289164032856, 0.7827108044187994, -0.5026188673808376], "u": [0.11783387818357395, 0.1650560787058596, 0.30832499860087886, 0.3826863166662831, 0.8517614654592898, 0.0362243983902665, 0.2364955588998689, 0.4868342384595792, 0.6044848197491813, 0.9621580728616136], "llhood": -42.32765981607961}