{"tau_1": 0.3643554610161178, "tau_2": 0.10595129960146955, "l_1": 0.07505106338616231, "l_2": 1.8589741461322513, "mu_1": -0.09881039997061784, "mu_2": -1.1698558416827949, "mu_u_1": [-0.31501833666694695, -0.2770872011641266, 1.5111156528734735, 2.90518863624183, -1.9179920589547534, -1.7378020990923477, -0.6681637603406027, -0.6740282233753039, 0.482631051750437, 0.8600287735607947], "mu_u_2": [-0.10217695083207566, 0.18254368255421094, 0.039568028830996194, 0.016586151034145333, -0.044096571111543935, 0.002145113053187619, -0.007019559159773934, -0.0032492834619693945, 0.0165784142111164, -0.005338745121313501], "u": [0.03177927450868815, 0.1964309001894331, 0.25351085411289975, 0.47430166128629764, 0.8458791775394048, 0.12442236057057654, 0.3233518510939253, 0.3837080246462665, 0.7135205301292024, 0.9540778481175048], "llhood": -44.74740597723343}