{"tau_1": 0.3857537340116351, "tau_2": 0.17120503625899447, "l_1": 0.06251259116124647, "l_2": 0.24166589855024592, "mu_1": 0.23086749837323617, "mu_2": -1.1089721912195325, "mu_u_1": [-0.6236653510205223, -1.4668409310165278, 1.8498918237292654, 1.8076446513342754, -1.877494264397055, -2.001057684940693, -0.38871910257171755, -0.7590032128354698, -1.6864658880412513, 0.6800881711330036], "mu_u_2": [-0.5710546875917422, -0.1382775651297386, 0.12148096203976093, 0.7932247530966811, 0.4545587557182262, -0.038618515802828976, -0.03730141771733082, -0.3446243136894292, 0.7561403323093862, -0.43164437848626114], "u": [0.041046594378703484, 0.1671838557485309, 0.25209336290310214, 0.47198413730570266, 0.8576859443762154, 0.10113137602453368, -0.0009390333795243, 0.36454413859486645, 0.5898324783360902, 0.9719709406991772], "llhood": -39.76528757543191}