{"tau_1": 0.3248282397355126, "tau_2": 1.0388034966037551, "l_1": 0.06738005478459193, "l_2": 0.22096654371068286, "mu_1": 0.0037075660001923555, "mu_2": -1.3284717933383483, "mu_u_1": [0.4484314572147515, -2.171385832510053, 2.0559324608736884, 0.6983450234552604, -1.952253813848728, -1.3704627958689706, 0.26587039006091534, -1.0119397880957113, 1.7636736982337062, 1.062125866646281], "mu_u_2": [-0.599614144495718, -0.786127103571472, -0.1435486013171226, 1.224669414873238, -0.1872861929381658, -0.2931014482452063, -0.8331756337774244, -0.8063627442485573, 1.200911162883289, -0.42889719362503864], "u": [0.027210177944137933, 0.15336999558395542, 0.21105003535803507, 0.4219702706354785, 0.8582886377060366, 0.10585317610826837, 0.28591183062101205, 0.3535310719023309, 0.4919921595502967, 0.9661334461706849], "llhood": -31.825151296681597}