{"tau_1": 0.48068801983640164, "tau_2": 0.15274805557893179, "l_1": 0.08015048424892256, "l_2": 0.20661061804515865, "mu_1": -0.15541144375406132, "mu_2": -1.4354819837454453, "mu_u_1": [-1.856721807043049, 0.3263563098985388, 1.9611502194663355, 1.1368705266629056, -1.7776726311959772, 1.3599658115485034, -0.7037198290797361, 2.667671183712485, 0.8928445268162469, 1.2415676056083411], "mu_u_2": [-0.5763176701488931, 0.13958018843023398, 0.12750067532390919, 1.0451019696024748, -0.04420682846503957, -0.03460712398870577, -0.34704145803236397, -0.26659205302848205, 0.19279076437383436, -0.028387609240354137], "u": [0.11919393828190679, 0.17286640637439363, 0.25310935882268754, 0.545841548577378, 0.8424888357551611, 0.030230557354026775, 0.35505521191046147, 0.48020736433696076, 0.7213431426859832, 0.9618029679359192], "llhood": -30.465656166857645}