{"tau_1": 0.4705120452114749, "tau_2": 1.0703827273667113, "l_1": 0.08210289366022235, "l_2": 0.24948006178588483, "mu_1": 0.13076350460449196, "mu_2": -1.535618808855091, "mu_u_1": [-1.8002499763985411, -0.9519196722863699, 1.0870667473406783, 1.8505512178607202, -1.5931460949544078, 0.9884483103370807, 2.1565087389519113, -0.9848680226483666, -1.0266804543648276, 0.9298356747285328], "mu_u_2": [-1.057462752483903, -0.3762185236039192, 0.026558407007589612, 1.0108118419039702, 0.6798100588958752, -0.0004968042205572751, 0.2168798014389745, -0.4621366403442406, 1.2045476532972836, -0.45853480285733905], "u": [0.09575691587444735, 0.16216156034730045, 0.3064091734956082, 0.4746237762985839, 0.8475797367349349, 0.018810063031828014, 0.24035365922438995, 0.3756606202291938, 0.6031095498377832, 0.9594911210128605], "llhood": -33.923550146151314}