{"tau_1": 0.33031045077424753, "tau_2": 0.10881942027386304, "l_1": 0.06522760542355693, "l_2": 2.693398929134608, "mu_1": 0.19636059981219206, "mu_2": -1.1110649563414525, "mu_u_1": [-2.202615966417254, 1.4190358757210058, -0.02492294966267396, 1.1101307046234818, -2.650565951839322, 1.387419682710706, -0.9660065904003462, 1.3814309563989622, -1.1393219128289782, 0.8015705461110566], "mu_u_2": [-0.1187599320313165, 0.15888972457746872, -0.022457697020004695, -0.002146505703653056, 0.0006863041057516215, -0.0029277100374642795, -0.0005745126470319563, 0.000810570875336582, 0.006565006668424791, -0.006731936558921924], "u": [0.10901902967196128, 0.529588487318379, 0.3506210574288727, 0.4171932842496705, 0.8470756714428477, 0.2523168618549308, 0.1558463047027201, 0.46618751803176467, 0.6079604785650639, 0.9729673469787529], "llhood": -35.7039218060959}