{"tau_1": 0.6750277488306489, "tau_2": 0.10919937076339886, "l_1": 0.09416444419667355, "l_2": 1.9063940928365748, "mu_1": 0.05519882652902275, "mu_2": -1.1760998488256074, "mu_u_1": [0.011862001362563119, -0.38335391740398495, 1.977303973792901, 0.024132511781644148, -1.8878576011272117, -1.8605468502384261, -0.5789412006539378, 1.7925647827683189, 1.3056768684550037, 0.8289979255858856], "mu_u_2": [-0.0905710547591659, 0.20028948085094503, 0.039408439404158786, 0.0032433587920005238, -0.05233704427637689, 0.0003093514747594549, -0.004114537945697461, -0.00036999758389221274, 0.008488425362513267, -0.008754687885286728], "u": [0.02768186697958875, 0.19141298064656892, 0.25889334134127273, 0.6027764125269568, 0.825212753075327, 0.12120552742352317, 0.36913391778694044, 0.4988358799204548, 0.7078676995538815, 0.9577949264023646], "llhood": -35.15768025551452}