{"tau_1": 0.38492803135703046, "tau_2": 0.12466859360932127, "l_1": 0.0675370017097611, "l_2": 0.4508863004525021, "mu_1": 0.09302625490171784, "mu_2": -0.9851962532369805, "mu_u_1": [-0.345769357519363, 0.18393564885771932, 1.5792421356438318, 1.7119744885643808, 0.20620328399470209, -2.0624780159096505, -0.7602146755276138, 1.51664539150861, -1.1655045876255774, -2.0599937205722765], "mu_u_2": [-0.45487173950509774, 0.3311156640458563, 0.3897655778564282, 0.4709846687718584, 0.11233820058745524, -0.017144283931976333, -0.040015282994149026, -0.025443740430227423, 0.008229085702340542, 0.11375567688125038], "u": [0.03261404548008924, 0.20793511439669138, 0.2665003172237337, 0.5029879586323082, 0.7146059786838034, 0.13489314627217047, 0.35864561124184124, 0.450667946531426, 0.6052904360757838, 0.8376245077867664], "llhood": -39.83219851871723}