{"tau_1": 0.414537730716463, "tau_2": 0.680497757641303, "l_1": 0.07892113324806457, "l_2": 0.22148686874644882, "mu_1": 0.11210101387021958, "mu_2": -1.4568158543395164, "mu_u_1": [-0.10915029536063454, -1.7153709763976692, 2.4120232421525296, 0.13933928947496454, -2.0274413492408665, -0.490156293572664, -0.9486687739803755, 1.8013437145639046, -0.6731347243906776, 0.9659435878584723], "mu_u_2": [-0.9362699325629432, -0.3457338389265774, 0.00510466188559688, 1.1777310002445143, 0.3224046597786427, -0.13752690857328706, -0.6455271221393135, 0.9810014305892285, 0.49032815741550495, -0.4528320344737224], "u": [0.011896630675257628, 0.1691421606277829, 0.251332345928896, 0.399483201607071, 0.8491946056628857, 0.08743693649889511, 0.32985492621169893, 0.48807081156958776, 0.6184887914580242, 0.9660388963155998], "llhood": -36.1528203899176}