{"tau_1": 0.37165007833769936, "tau_2": 0.29834636544540066, "l_1": 0.06608038885192735, "l_2": 0.31051954440331164, "mu_1": 0.16532290348998466, "mu_2": -1.4079771446131852, "mu_u_1": [-2.301698491598312, -0.24007508536571656, 0.22229293641391606, 2.4708722520389155, -2.3731485350272616, 0.5233580842512542, 1.3770341085135551, 0.42747682570478934, -1.6501941194081882, 0.8985253316882634], "mu_u_2": [-0.9333942270576633, -0.07705016206966087, 0.3562369812390478, 0.8380954518365165, 0.5963200712148117, 0.014037906027315552, 0.05715687583090503, -0.14051993596943171, 0.2153317681007007, -0.0815603846690752], "u": [0.11645978836031341, 0.17536435349263538, 0.3300233230596678, 0.5025957552456946, 0.8455111500829584, 0.029960575528758155, 0.24967293840548355, 0.4139862097783145, 0.5899972767242141, 0.9548317319491351], "llhood": -27.073605776642616}