{"tau_1": 0.47967184640276694, "tau_2": 0.10245503213670036, "l_1": 0.07811033454702661, "l_2": 2.993981435843842, "mu_1": -0.045662139416768215, "mu_2": -0.9573599134972819, "mu_u_1": [-1.5841671321946222, 0.4827241758804029, 0.6469749068178015, -0.30096820996944396, -1.9315978117378596, 0.6495708404665418, 1.542194784206226, 2.1141667105344144, 1.0698470192411638, 1.077169275425484], "mu_u_2": [-0.06848024943573325, 0.07468304123780485, 0.01778525602842848, 0.004242104420987948, -0.00043281954889302037, -0.0009942949904245468, -0.00010759402657956188, 0.0009800252279860327, -5.3870427422873066e-05, 0.00011007184297257432], "u": [0.11998615789993092, 0.17055385600995254, 0.35856318371363205, 0.598046637307887, 0.8432520396994674, 0.028884539651900448, 0.25008776353719536, 0.4525132910605843, 0.7301055621197585, 0.944676280710573], "llhood": -39.7521006259438}