{"tau_1": 0.5591939862540477, "tau_2": 0.3229627659526764, "l_1": 0.08826965441193767, "l_2": 0.18965625072075618, "mu_1": -0.023256210523940637, "mu_2": -1.2081974799560942, "mu_u_1": [-0.09682429580926469, 1.2404239552754979, 1.2115697975773538, 0.8071514369923013, -1.8011930285619038, -2.491713903425395, -1.0859270590128045, -0.784816299863703, 1.2988289636260257, 0.8908655351081347], "mu_u_2": [-0.4992795469018896, -0.8893594034989685, 0.29897650396758574, 0.8437370536723562, 0.5565163306736334, -0.1511129723551602, 0.07945173454637874, 0.761760285468645, 0.5279703493794182, -0.1531744019256167], "u": [0.033746818333112806, 0.24963116498706522, 0.4341283389314824, 0.5149224227302186, 0.8382066978004322, 0.13206681941802512, 0.3492860223739203, 0.5988741710420852, 0.7110160890254515, 0.9534326198283987], "llhood": -35.43810912777943}