{"tau_1": 0.4649782789572021, "tau_2": 0.9197405086426667, "l_1": 0.08502670382160932, "l_2": 0.2313165132874263, "mu_1": 0.1106665893263505, "mu_2": -1.4411455428634095, "mu_u_1": [0.14000545621070176, -0.3447954421344096, 1.9056010923281734, 1.8801417647734024, -1.8210807425861204, -2.0805079286377883, -1.5974004306708147, 0.003011397488345496, -0.9077982259775902, 0.6898858611817186], "mu_u_2": [-0.7958873602698416, -0.8131399115175417, -0.031132803345483514, 1.2058161764132216, 0.4296899175391454, -0.24164533624848716, -0.5498149260534, -0.4776611147092211, 1.010511912497792, -0.29713259126060515], "u": [0.021345601617768786, 0.19339359462967606, 0.2662600913193422, 0.4829116255187053, 0.8458278673639276, 0.12033617160051316, 0.34116747642752165, 0.40559420195380674, 0.6025956885857878, 0.9584258621895414], "llhood": -31.688040995647306}