{"tau_1": 0.40551438816749336, "tau_2": 0.3322902039907922, "l_1": 0.07262988379181123, "l_2": 0.29177629672150296, "mu_1": 0.13867913219405184, "mu_2": -1.3870469217550774, "mu_u_1": [-0.36084144337982765, 0.28330717414608997, 1.29996337687105, 2.1363152097030644, -2.0081065125609907, -2.1176928097196317, -1.787115812051757, -1.2685243189615771, -0.6818643963175487, 0.7700825209688295], "mu_u_2": [-0.9299108883721529, -0.15234391439690817, 0.5894934277564181, 0.7768971624619315, 0.620883030749082, -0.13369809101833527, -0.04171728646749667, -0.15553072460857148, 0.47461810347729627, -0.2374777412759688], "u": [0.012167109466678653, 0.21519267344442766, 0.2784743701603072, 0.45016334497080795, 0.8426485210663808, 0.08192176017388302, 0.14162841609682364, 0.3590462028395898, 0.5863750252306806, 0.951921358718652], "llhood": -26.71408940998813}