{"tau_1": 0.5718784953218888, "tau_2": 0.49421831183719267, "l_1": 0.08937195747402644, "l_2": 0.1563678904121922, "mu_1": -0.017231076278293823, "mu_2": -1.4682496497570323, "mu_u_1": [-1.6459992707673032, 0.17886537995607804, 0.42233755311609095, -0.16535407696834004, -1.8790812451649046, 1.5095586887778139, 1.8459491972721245, 2.087644094660322, 1.2944618229559368, 1.1088454180222387], "mu_u_2": [-1.0607160768048827, -0.1542770358159551, 0.6530319646164305, 1.0951493342389187, -0.2241799490275687, -0.15423760539315728, -0.42419548328863727, 1.0386336930051503, 0.22739283497031829, -0.16529098221893188], "u": [0.10594994161663615, 0.1791358184405612, 0.353178015809568, 0.5843192133294367, 0.8334150649308667, 0.022235341416297513, 0.2602458677097658, 0.468283526664541, 0.7236380757405376, 0.9542824432831868], "llhood": -32.72548927426756}