{"tau_1": 0.7112205880219871, "tau_2": 0.12216192912289725, "l_1": 0.09558052500518772, "l_2": 1.1966949313222728, "mu_1": 0.06298275735094881, "mu_2": -1.3081269893949004, "mu_u_1": [0.3694932301525982, -1.506645703452792, 0.0666175442725695, 1.7979224347339609, -1.808769412723144, -1.432056600133347, 2.0479487724524503, -0.8207112389866429, 1.5044905365740797, 0.9178183844799803], "mu_u_2": [-0.2105832292532369, 0.3139883297810389, 0.24017641687328795, 0.1229344072237629, 0.008215207248422016, 0.003819493556219299, 0.005787410123660731, 0.03948976985499539, 0.01779226631701224, -0.012540214816504887], "u": [0.006269042073149428, 0.06201252990420191, 0.3578008880642043, 0.49117082142214363, 0.8264844201657241, 0.13417119196129035, 0.23940329525426454, 0.602771328023231, 0.7003911947385976, 0.9542675402932159], "llhood": -32.680660012098684}