{"tau_1": 0.6429723257802548, "tau_2": 0.2139478585442398, "l_1": 0.0932665951408517, "l_2": 0.24174494590675433, "mu_1": -0.0005664100831851793, "mu_2": -1.5812778399813023, "mu_u_1": [-1.5920886052553511, -0.2711447901006464, 1.7414786772790267, -0.26870321181572615, -1.9634633317950316, 1.1697242957146974, 1.7950780008700946, -1.7227520309804438, 0.9248586349096151, 1.3866621895022797], "mu_u_2": [-0.8022841305417869, 0.2380760063782223, 0.9496194730870859, 0.6759014031999249, -0.1300059020113968, -0.11725308208596166, -0.0774028681979645, 0.03619462110100461, 0.255272610012843, -0.05605405039214726], "u": [0.09840852726291753, 0.15653150130944488, 0.4711381461362465, 0.604453300030214, 0.8384903264288616, 0.020879831544457758, 0.25448175349142615, 0.362413617695687, 0.7343650929893022, 0.9550229762350165], "llhood": -24.236844926113882}