{"tau_1": 0.3714077546977849, "tau_2": 0.09990195982521248, "l_1": 0.07428498850667874, "l_2": 2.0791829314823795, "mu_1": 0.09865143410817734, "mu_2": -1.0845007020082642, "mu_u_1": [-0.3707063036265703, -0.3048520088925875, 1.3387138763593154, 2.61969373339193, -2.047232796515787, -2.0735770316680915, -0.5100265756393147, -0.9096025838204922, -0.5272912491493936, 0.4289779090211367], "mu_u_2": [-0.08977021680966187, 0.14833684786030174, 0.040853715697850755, 0.04147810977184935, -0.011218964712714028, 0.0009055144087812226, -0.005313816118175692, -0.0024878699662141826, 0.014405807602450766, -0.010585538711426623], "u": [0.03312708430538547, 0.19839085232982515, 0.24199688971010316, 0.470343484190885, 0.8382272803704424, 0.12512905686175907, 0.31475452131885423, 0.379851044040349, 0.5963362246602608, 0.9574806281200106], "llhood": -40.81805495282679}