{"tau_1": 0.40805718877261066, "tau_2": 0.33489864463416064, "l_1": 0.07245253760561042, "l_2": 0.2155052678921599, "mu_1": -0.13999038186388016, "mu_2": -1.2496984065267638, "mu_u_1": [-0.21564008266477297, -1.1650174089644196, 1.1423679022716298, 2.3712004134502833, -1.9061040054094327, -1.3395059849840654, 1.5794546691192464, -0.9776207118040758, 0.7694621588299337, 1.3403182131321305], "mu_u_2": [-0.7622605648911919, -0.3114369001519104, 0.1445117601273355, 1.1424546248667709, -0.02511530378182645, -0.1629702423807866, 0.19070780126483425, -0.5174586855186377, 0.8243867666881868, 0.19516895657961478], "u": [0.031053771188214636, 0.1694261979227071, 0.30190905232627574, 0.46856479930704864, 0.8512064323131906, 0.11629829397750176, 0.22773495932587823, 0.37586737700287787, 0.719514030672251, 0.9581412823267792], "llhood": -37.08839724126576}