{"tau_1": 0.6664603514913352, "tau_2": 0.14462386601436672, "l_1": 0.09283771909838634, "l_2": 0.7848187470112679, "mu_1": 0.021582851643713985, "mu_2": -1.4823953088812347, "mu_u_1": [-1.739326232150245, 0.7936882938522033, 0.4346649065780234, 1.5728630146741382, -2.050590957406589, 1.1116594140017617, 1.7827344131931429, -1.0384698886376147, 1.5026877019716054, 1.423108769392165], "mu_u_2": [-0.2538946202691203, 0.4727699051892753, 0.25071608527672706, 0.13284996608374242, -0.0012734990607702614, -0.011866431579739534, 0.014521315947124757, 0.058964486742266405, 0.01542827958944434, -0.006505329459572656], "u": [0.12040791497823172, 0.17827124299774, 0.367421120292715, 0.4806198346046514, 0.8349145968027971, 0.02483547157204051, 0.25705712922916146, 0.589489985672203, 0.7150463097220611, 0.9481849121422128], "llhood": -28.093005201207635}