{"tau_1": 0.3974045941953118, "tau_2": 0.18318382993182472, "l_1": 0.07609526015274305, "l_2": 0.4152371395103691, "mu_1": 0.2384781842101656, "mu_2": -1.2088696598793904, "mu_u_1": [-2.3968213313300795, -0.01627679109619743, 0.9369785988553423, 2.0618868833600237, -0.6698754077877966, 0.8275872334091685, 1.3008869654166753, -0.9357848711934614, -0.5345187473710687, -2.243955827032346], "mu_u_2": [-0.7213815213400345, 0.223329010581982, 0.3979232948511664, 0.5454768152327906, 0.4112344106401253, -0.019931099682625072, -0.01307560801272109, 0.01841388535695557, -0.08283237247079832, 0.19876978531733247], "u": [0.11447009582395562, 0.1776246877951487, 0.2940105993077155, 0.4764552067926634, 0.7143950747073613, 0.03140961984262334, 0.2514904369950729, 0.36050916282605555, 0.5960976385749456, 0.8330873488489964], "llhood": -36.96967704045716}