{"tau_1": 0.42067457263738844, "tau_2": 1.3493001954976147, "l_1": 0.08959934743186893, "l_2": 0.20157955092456406, "mu_1": -0.09075298999468893, "mu_2": -1.4701013720648322, "mu_u_1": [0.22646133803964225, 0.0661624633171487, 1.8542348588443378, 0.9215901987296444, -1.826156459387425, -2.5215394599488112, 0.9758462071346697, -1.342517478825125, 0.4810756773361565, 1.2382006931570797], "mu_u_2": [-0.8951051367334155, -0.5939609065219671, 0.45888961593980554, 1.8025065066408101, -0.7748780314422152, 0.01944957207832696, -0.020973091241654782, -0.11418203539529301, 0.22201670626932463, 0.3138029483969775], "u": [0.027684109537181284, 0.20097875551149913, 0.2819679301593329, 0.5406139013679454, 0.8486630209447185, 0.12411012029227297, 0.4582875996680996, 0.35765773806035633, 0.7315456809739658, 0.951604226966081], "llhood": -28.990533140439037}