{"tau_1": 0.490352611678082, "tau_2": 0.6232221550887304, "l_1": 0.08456058846440873, "l_2": 0.2267147722322971, "mu_1": -0.058964180405978936, "mu_2": -1.6535212438327194, "mu_u_1": [-0.09551715349449275, -1.5033107639951482, 1.2490449417371636, 1.762038282306595, -1.9291822074605727, -1.6021202147387172, 2.0302614323905033, -1.436917199228819, 0.9018807835122591, 1.1560799178858456], "mu_u_2": [-0.9700866060097236, -0.6457399472225869, 0.34229930823425025, 1.3915396149909047, 0.18360723885872918, -0.1244649818457504, 0.19370225710734867, -0.45189759462170037, 0.860432918321766, 0.06219540478323698], "u": [0.018921212611935134, 0.16309038260681835, 0.29703747165414485, 0.45901516532500036, 0.8401903871005333, 0.09563482013373512, 0.22816960988086415, 0.3657904740839595, 0.7023692887160998, 0.9559354920938905], "llhood": -28.84222050365816}