{"tau_1": 0.44721860958851806, "tau_2": 0.5766210126314016, "l_1": 0.08122707681953181, "l_2": 0.20014613783251406, "mu_1": 0.0314876591596339, "mu_2": -1.2949186000071942, "mu_u_1": [-0.03470753525546058, 0.4580234657088657, 1.7011631731714754, 1.6617674852988848, -1.9377746617316365, -1.7576349349543992, -1.3093088777853799, -1.5079866481810371, -0.10160925386377112, 1.0944716333024609], "mu_u_2": [-0.75672180982132, -0.5780161876045604, 0.008034946160571987, 1.2716907444472714, 0.1438715182418292, -0.05790100454193282, -0.12674902567871063, -0.6143935377568058, 1.0115247906686677, -0.02962501127940551], "u": [0.01463664074930207, 0.20937653300812042, 0.26145743516361414, 0.47420842709123173, 0.8418935318777169, 0.08196056271033902, 0.13850336981918013, 0.3518479344799224, 0.6412131353264683, 0.9558691063038136], "llhood": -37.13853723146197}