{"tau_1": 0.42707227888587396, "tau_2": 0.5484071965691092, "l_1": 0.07243967400288846, "l_2": 0.19484205399535254, "mu_1": 0.11943155456941092, "mu_2": -1.2921966974040193, "mu_u_1": [0.10339139021793871, -1.1383064424738076, 1.4577261928794252, 1.91004974681051, -1.9007900648212237, -2.264132828203098, 0.8192432419859099, -1.4868387189999626, -0.9146560712971488, 0.8905178546329813], "mu_u_2": [-0.6894968524020603, -0.6457139307787287, -0.1578697257506039, 0.821106501037878, 0.3470222051473499, -0.13190825803991996, 0.12751621100826546, -0.4861289683834733, 1.4160927840644542, -0.285067003418756], "u": [0.025213159437129373, 0.16802683368913598, 0.28940800879418166, 0.46593318880733353, 0.8490805404597591, 0.11112635993396694, 0.22673333446554553, 0.3634113499323603, 0.6122319484475282, 0.9621447881893113], "llhood": -34.74757963126603}