{"tau_1": 0.35766258273241747, "tau_2": 0.1070574444207466, "l_1": 0.06567183240363013, "l_2": 0.4553168954242651, "mu_1": 0.14711535084663566, "mu_2": -0.9993424828700344, "mu_u_1": [-0.636107446559403, 0.2526487403509331, 2.2498851798725634, 0.5421189185960511, -2.2273605778498977, -2.0401140423017843, 0.6203975909544773, -1.1623006548160066, -1.1528697560746788, 0.6369978094300508], "mu_u_2": [-0.25603427031875503, 0.37250076629136286, 0.4296217735276445, 0.12466820274904342, -0.08081377803407602, -0.019365991909417665, 0.016901334131812596, 0.03485647079811018, 0.14028537034181512, -0.1066132824729009], "u": [0.030724790233187912, 0.21738299809002373, 0.4577360112483239, 0.49853547551696764, 0.8558847380114453, 0.12984393678928746, 0.28594040876195437, 0.37474146697716204, 0.5900639170900478, 0.961203788467028], "llhood": -40.89108761814347}