{"tau_1": 0.41471649815515976, "tau_2": 0.8123283412664749, "l_1": 0.07153155555695691, "l_2": 0.24133314231740965, "mu_1": 0.12300976426448652, "mu_2": -1.2646167974212699, "mu_u_1": [-1.4720826949164985, -0.7977218028250502, 2.329710158990492, 1.7620606394094702, -1.9195389795920028, 0.6147882362961022, -1.0829591872116768, -0.41518158258701987, -1.00722556256083, 0.8554023121855635], "mu_u_2": [-1.079660494846882, -0.12135327196681044, -0.05732188706086727, 1.3296133167971134, 0.30475418688346745, 0.022844170263806574, -0.5741169937219762, -0.45967490306287334, 0.7758133637030499, -0.14913553283172237], "u": [0.08781388111465557, 0.15966335670459086, 0.23943540703949776, 0.4817458330963147, 0.8476310730147303, 0.015329698365233258, 0.31038322216361697, 0.3898165771262324, 0.586668033660268, 0.9678844392165638], "llhood": -38.857014272914995}