{"tau_1": 0.40647619660095213, "tau_2": 0.5702847514452527, "l_1": 0.07193258726941854, "l_2": 0.19381086460126057, "mu_1": -0.11586251957081149, "mu_2": -1.1741644609338269, "mu_u_1": [0.21043730931743523, -0.9757938298471109, 2.5602186274361904, 1.8668689594616115, -1.8762918838082197, -1.3082905375060725, 0.35110776464763105, -1.1797429586820949, 0.8840527950922573, 0.9523950895107882], "mu_u_2": [-0.6727771322019321, -0.3968149676163619, -0.09269671716949641, 1.2967893626188056, -0.3282865296191209, -0.24415559258883637, -1.0558599879495223, 0.04767122009151906, 0.7343161756253905, 0.14352079619423805], "u": [0.023632664388715113, 0.1746930023735634, 0.24405780258922163, 0.48329235565930534, 0.8382843181416288, 0.12184696845062506, 0.4428548901694347, 0.34391170216864375, 0.7128429140408131, 0.9496886482951904], "llhood": -39.439006158887935}