{"tau_1": 0.36231078764524965, "tau_2": 0.4052557500459536, "l_1": 0.058588610989483175, "l_2": 0.29665070985697445, "mu_1": 0.17229942765638406, "mu_2": -1.251726220502449, "mu_u_1": [-2.5869882405351716, -0.1274147880449619, 1.4615875922949613, 0.5752666817682106, -0.8160418711207528, 0.3561253218641657, 1.503612695050373, -1.2740251683355828, 2.433192989534979, -1.9973906125395275], "mu_u_2": [-0.9611573674094883, -0.21825758765360279, 0.11553108948224004, 0.6585418755503378, 1.0911641743904152, -0.03464804327507137, -0.044047128849983866, 0.07371021115440721, -0.265648790028265, 0.34427696741892183], "u": [0.11836398569901027, 0.1760835380446923, 0.2887577740666288, 0.41746191510829994, 0.5883290599582347, 0.031007385753189322, 0.2449537217627998, 0.34364478493985295, 0.4978338878997884, 0.8430267703680745], "llhood": -32.913475231395985}