{"tau_1": 0.3688899153127151, "tau_2": 1.4913558308611663, "l_1": 0.07879994900619688, "l_2": 0.24175572814972235, "mu_1": 0.02943889102897933, "mu_2": -1.6225854359456537, "mu_u_1": [0.09863380725036842, 0.397490495848804, 0.22483776005528494, 2.0159441433266183, -1.6420983903224147, -1.0958677507617745, 1.758110685519767, -2.7152148351484873, -0.7297040866652613, 0.7163466684882129], "mu_u_2": [-1.36438978125713, 0.483331433797821, -1.013490321680262, 1.495808223473213, -0.1873579285102231, -0.11673653382576063, 0.01936313512711247, -0.008561006817743869, 0.5254637458271858, 0.08013474656821444], "u": [0.005652739494825882, 0.36264305057554685, 0.20890943046238059, 0.4607499051597552, 0.8556094021129954, 0.06936667333797793, 0.2812406907667549, 0.13611900346881556, 0.6090537430031843, 0.9628473307790774], "llhood": -28.71177214820582}