{"tau_1": 0.39509313809330254, "tau_2": 0.22526658526129087, "l_1": 0.07189370668086954, "l_2": 0.4751964841780766, "mu_1": 0.1777475697260561, "mu_2": -1.2981031116746686, "mu_u_1": [-2.4540670140196976, -0.2923878759083518, -0.09337407543020886, 1.4675926381834656, -0.029952157038357193, 0.4093090459443154, 1.9984825367891903, 1.556450077905762, -0.38650522059060805, -2.6973522615403915], "mu_u_2": [-0.7620725636453737, 0.18866949201790167, 0.3509116711998533, 0.5716872980521669, 0.4081601778900688, -0.038196022383995616, -0.02098374108869527, 0.03861141715417257, -0.11347863519774481, 0.2126460508026897], "u": [0.11581689964579532, 0.16857803660003018, 0.3519919099237906, 0.5318150228543822, 0.725937943800656, 0.023117017142791907, 0.2538328255015798, 0.4532706655116087, 0.6342985393896382, 0.8216051051561936], "llhood": -29.14141609038782}