{
  "l_f": 0.13239946036196698,
  "tau": 2.72621103830301,
  "l_g": 0.24033595335528113,
  "g": 1e-06,
  "mu": -0.0004268391373012694,
  "ll": -10.012839499318277,
  "standardisation_mean": -0.21179206741844875,
  "standardisation_std": 1.0546430120399706
}