{
  "l_f": 0.12565324147309043,
  "tau": 3.245098207004139,
  "l_g": 0.2485141358931227,
  "g": 1e-06,
  "mu": -0.07301783985706366,
  "ll": -9.566940567281353,
  "standardisation_mean": -0.10574238054982618,
  "standardisation_std": 0.9472653631980908
}