{
  "l_f": 0.12769544099553015,
  "tau": 2.6217296898376965,
  "l_g": 0.23181006607108512,
  "g": 1e-06,
  "mu": 0.04564045910035962,
  "ll": -11.13491856546801,
  "standardisation_mean": -0.030801749995415982,
  "standardisation_std": 1.058806806098781
}