{
  "l_f": 0.11618468270158615,
  "tau": 1.8765254152598294,
  "l_g": 0.23800278424468238,
  "g": 1e-06,
  "mu": -0.011823209501338824,
  "ll": -22.136312756649108,
  "standardisation_mean": -0.06348654342268785,
  "standardisation_std": 1.1675990372532792
}