{
  "l_f": 0.07696691969426483,
  "tau": 1.7026925175731726,
  "l_g": 0.07844059523887843,
  "g": 1e-06,
  "mu": -0.04558175893594727,
  "ll": -19.865394521909753,
  "standardisation_mean": -0.18528228152673779,
  "standardisation_std": 1.0290932339043835
}