{
  "l_f": 0.12647377822704103,
  "tau": 2.2391511009745764,
  "l_g": 0.2655358135411435,
  "g": 1e-06,
  "mu": -0.09072730251195806,
  "ll": -10.639401059577326,
  "standardisation_mean": -0.1046345612569327,
  "standardisation_std": 1.1857151870886198
}