{
  "l_f": 0.10371222430772599,
  "tau": 1.94116888078601,
  "l_g": 0.230024466581778,
  "g": 1e-06,
  "mu": 0.07961736357441401,
  "ll": -16.081388000838814,
  "standardisation_mean": -0.043202195713975176,
  "standardisation_std": 1.0521441106616782
}