{
  "l_f": 0.0976854135573336,
  "tau": 2.0111472574223113,
  "l_g": 0.1903996784472425,
  "g": 1e-06,
  "mu": -0.012188333225024453,
  "ll": -8.808943566703833,
  "standardisation_mean": -0.15747323985987646,
  "standardisation_std": 1.160095135520163
}