{
  "l_f": 0.10069527540549399,
  "tau": 1.2230667598658846,
  "l_g": 0.22929891918991568,
  "g": 1e-06,
  "mu": 0.02636349760705849,
  "ll": -6.197973931949475,
  "standardisation_mean": -0.06648616807071024,
  "standardisation_std": 1.0696239069767668
}