{
  "l_f": 0.11850560232542515,
  "tau": 2.29259509650305,
  "l_g": 0.22235121270585695,
  "g": 1e-06,
  "mu": -0.01231356448465425,
  "ll": 3.0937260739809265,
  "standardisation_mean": -0.1783425443679792,
  "standardisation_std": 1.1027426240592249
}