{
  "l_f": 0.07974136356984741,
  "tau": 0.9696266431809218,
  "l_g": 0.20027534744398517,
  "g": 1e-06,
  "mu": -0.008518494194641563,
  "ll": 7.760139893150157,
  "standardisation_mean": -0.11027668324385058,
  "standardisation_std": 1.0389563876507828
}