{
  "l_f": 0.10227087992250006,
  "tau": 1.4285845428546418,
  "l_g": 0.2084274233785216,
  "g": 1e-06,
  "mu": 0.0141919223871704,
  "ll": -15.253053322319612,
  "standardisation_mean": -0.10942909167213292,
  "standardisation_std": 1.172805056041514
}