{
  "l_f": 0.13849141256715497,
  "tau": 3.0447712387397092,
  "l_g": 0.21049617283009447,
  "g": 1e-06,
  "mu": 0.007024173970241739,
  "ll": -9.143585479087722,
  "standardisation_mean": -0.046130134375972215,
  "standardisation_std": 1.1020702847590638
}