{
  "l_f": 0.13249253866544794,
  "tau": 2.8295297685055276,
  "l_g": 0.21585745164400236,
  "g": 1e-06,
  "mu": 0.12130290406737669,
  "ll": -24.321090653802752,
  "standardisation_mean": -0.0998418852418935,
  "standardisation_std": 1.1003743106053538
}