{
  "l_f": 0.12388733696777597,
  "tau": 2.828066049331503,
  "l_g": 0.21500664502802488,
  "g": 1e-06,
  "mu": -0.017062002134362566,
  "ll": -22.63778034528943,
  "standardisation_mean": -0.12213662464495352,
  "standardisation_std": 1.1484259263887018
}