{
  "l_f": 0.11971712146616562,
  "tau": 2.4373932219712415,
  "l_g": 0.2537860625249004,
  "g": 1e-06,
  "mu": -0.06051870824284729,
  "ll": -19.50450618154883,
  "standardisation_mean": -0.16861755181293175,
  "standardisation_std": 1.1702931678683404
}