{
  "l_f": 0.126103786862247,
  "tau": 2.147608178308055,
  "l_g": 0.23136218342107726,
  "g": 1e-06,
  "mu": -0.04883953440437633,
  "ll": -24.493740908240518,
  "standardisation_mean": -0.12637355802346853,
  "standardisation_std": 1.062376664754638
}