{
  "l_f": 0.11198652321936992,
  "tau": 2.323812538008182,
  "l_g": 0.238115317413861,
  "g": 1e-06,
  "mu": 0.02390081208462328,
  "ll": -8.178185196937548,
  "standardisation_mean": -0.0805704070118139,
  "standardisation_std": 1.1095791137143631
}