{
  "l_f": 0.13515900345063706,
  "tau": 2.9046195577882576,
  "l_g": 0.26274879983642857,
  "g": 1e-06,
  "mu": 0.08425394554356808,
  "ll": -17.288639251626094,
  "standardisation_mean": 0.011762339557835073,
  "standardisation_std": 1.1661178140578528
}