{
  "l_f": 0.0878318827446346,
  "tau": 1.756290373328048,
  "l_g": 0.3118588595701222,
  "g": 1e-06,
  "mu": 0.05316289783281201,
  "ll": -22.50482014609939,
  "standardisation_mean": -0.0884619764202953,
  "standardisation_std": 1.141625966270638
}