{
  "l_f": 0.10554803205805573,
  "tau": 2.024346414637141,
  "l_g": 0.2022659973417852,
  "g": 1e-06,
  "mu": 0.09659877122840378,
  "ll": -3.7635122341202605,
  "standardisation_mean": -0.14179546178308433,
  "standardisation_std": 1.095011621793883
}