{
  "l_f": 0.10447590854609387,
  "tau": 1.8211055075194633,
  "l_g": 0.23894545342184972,
  "g": 1e-06,
  "mu": -0.07099367668606306,
  "ll": -4.417653960408841,
  "standardisation_mean": -0.13749524186897027,
  "standardisation_std": 1.1474714326081217
}