{
  "l_f": 0.1038965606304412,
  "tau": 2.165162998072093,
  "l_g": 0.12131418089590164,
  "g": 0.3027698993822858,
  "mu": -0.030033254359213744,
  "ll": -6.904464100301496,
  "standardisation_mean": -0.06005170770949393,
  "standardisation_std": 1.0456504091498762
}