{
  "l_f": 0.13659727580021727,
  "tau": 2.087208454264241,
  "l_g": 0.2640121327177647,
  "g": 1e-06,
  "mu": 0.03145488022488209,
  "ll": -15.427346968975534,
  "standardisation_mean": -0.17961411124574436,
  "standardisation_std": 1.1104938977472159
}