{
  "l_f": 0.08667040099309074,
  "tau": 0.8558411536622219,
  "l_g": 0.20024282449205472,
  "g": 1e-06,
  "mu": -0.04896596689021656,
  "ll": -15.559242106346886,
  "standardisation_mean": -0.15575868869422482,
  "standardisation_std": 1.0939391851737212
}