{
  "l_f": 0.1425020399226631,
  "tau": 3.795379289519094,
  "l_g": 0.1550601860253228,
  "g": 1e-06,
  "mu": 0.05411115013641103,
  "ll": -20.859580942170552,
  "standardisation_mean": -0.1403510815643534,
  "standardisation_std": 1.105687755393507
}