{
  "l_f": 0.12668204247212234,
  "tau": 2.418302756968473,
  "l_g": 0.25390966122854114,
  "g": 1e-06,
  "mu": 0.02581560726270894,
  "ll": -21.517428189771202,
  "standardisation_mean": -0.22099400979508524,
  "standardisation_std": 1.1116326191827972
}