{
  "l_f": 0.09462810953882582,
  "tau": 1.7394289892674033,
  "l_g": 0.18960429205536006,
  "g": 1e-06,
  "mu": 0.019856039103286843,
  "ll": -9.148845613664802,
  "standardisation_mean": -0.14855547398605004,
  "standardisation_std": 1.1565730489924362
}