{
  "l_f": 0.1306727514322412,
  "tau": 2.813188083450498,
  "l_g": 0.22921310103573772,
  "g": 1e-06,
  "mu": -0.03677305628934112,
  "ll": -4.35125649698652,
  "standardisation_mean": -0.14932803592622254,
  "standardisation_std": 0.9978687423798566
}