{
  "l_f": 0.12317475033169414,
  "tau": 2.2126484535553264,
  "l_g": 0.21393921262779417,
  "g": 1e-06,
  "mu": -0.1139087820789051,
  "ll": -17.65704351273999,
  "standardisation_mean": -0.01510715968211992,
  "standardisation_std": 1.3547654094815609
}