{
  "l_f": 0.12948513503762002,
  "tau": 2.15662912404761,
  "l_g": 0.2822015633184438,
  "g": 1e-06,
  "mu": -0.08145967066323867,
  "ll": -19.417852210758973,
  "standardisation_mean": -0.14556793613080649,
  "standardisation_std": 1.0677137529763785
}