{
  "l_f": 0.12229372341151601,
  "tau": 1.8513483037870726,
  "l_g": 0.22880965787516772,
  "g": 1e-06,
  "mu": 0.0953520222147875,
  "ll": -22.35445722058373,
  "standardisation_mean": -0.10815687352766411,
  "standardisation_std": 1.2097633539383936
}