{
  "l_f": 0.11120173660898008,
  "tau": 1.9766013273188656,
  "l_g": 0.2447551389199349,
  "g": 1e-06,
  "mu": -0.035729167986625496,
  "ll": -12.328995804505352,
  "standardisation_mean": -0.02393835933263051,
  "standardisation_std": 1.1989259242239434
}