{
  "l_f": 0.10509672267985207,
  "tau": 1.7460849886256802,
  "l_g": 0.2365097512263201,
  "g": 1e-06,
  "mu": -0.05495555741485694,
  "ll": -19.480953263070603,
  "standardisation_mean": -0.1355659364555898,
  "standardisation_std": 1.2584031038169063
}