{
  "l_f": 0.10042737779187853,
  "tau": 2.3935124999127284,
  "l_g": 0.18198393966324844,
  "g": 1e-06,
  "mu": 0.0051306129003944245,
  "ll": 3.946397283992364,
  "standardisation_mean": -0.05908088396883871,
  "standardisation_std": 1.0612932006068085
}