{
  "l_f": 0.10116057179092276,
  "tau": 2.2233288639142414,
  "l_g": 0.19034150538337666,
  "g": 1e-06,
  "mu": -0.06806968885864328,
  "ll": 3.341003011722249,
  "standardisation_mean": -0.14090907903496286,
  "standardisation_std": 1.0124516653778304
}