{
  "l_f": 0.12166870772439405,
  "tau": 2.062326421125141,
  "l_g": 0.21265841520225592,
  "g": 1e-06,
  "mu": 0.06407899643228103,
  "ll": -26.028350781577554,
  "standardisation_mean": -0.18971803227688222,
  "standardisation_std": 1.0870147759040436
}