{
  "l_f": 0.12218636702567978,
  "tau": 2.707553185813357,
  "l_g": 0.24846392815432572,
  "g": 1e-06,
  "mu": 0.011533039876327712,
  "ll": -14.335789805224197,
  "standardisation_mean": -0.2001247909223889,
  "standardisation_std": 1.2487499750652251
}