{
  "l_f": 0.11031288145295395,
  "tau": 1.6094986940480558,
  "l_g": 0.2329169667305574,
  "g": 1e-06,
  "mu": 0.043460331933410715,
  "ll": -9.918553691354495,
  "standardisation_mean": -0.1893062953822121,
  "standardisation_std": 1.0948008088526284
}