{
  "l_f": 0.14683439475668705,
  "tau": 3.9582666783538487,
  "l_g": 0.26181265496165895,
  "g": 1e-06,
  "mu": -0.08025682668206177,
  "ll": -14.588773978522369,
  "standardisation_mean": -0.06559210240722252,
  "standardisation_std": 1.0907886127267616
}