{
  "l_f": 0.09839468188810445,
  "tau": 1.8094019313223602,
  "l_g": 0.2443614865757218,
  "g": 1e-06,
  "mu": -0.013067585753245516,
  "ll": -2.61388577959248,
  "standardisation_mean": -0.2288804650215566,
  "standardisation_std": 1.067864348878383
}