{
  "l_f": 0.10437609543273935,
  "tau": 1.5280705379343158,
  "l_g": 0.2761777941426347,
  "g": 1e-06,
  "mu": 0.0038171410266167353,
  "ll": -22.55318386760426,
  "standardisation_mean": -0.05925395538354592,
  "standardisation_std": 1.1204848964267973
}