{
  "l_f": 0.1084105566113178,
  "tau": 1.7717762174042104,
  "l_g": 0.1947313988570535,
  "g": 1e-06,
  "mu": -0.04995910633405988,
  "ll": -11.455126835469002,
  "standardisation_mean": -0.027521920610998816,
  "standardisation_std": 1.2105794012872002
}