{
  "l_f": 0.1448099905952315,
  "tau": 2.9620824937774013,
  "l_g": 0.21464293670088014,
  "g": 1e-06,
  "mu": 0.03194322235585403,
  "ll": -28.608258921578567,
  "standardisation_mean": -0.15833819067135618,
  "standardisation_std": 0.9800033443933867
}