{
  "l_f": 0.12009712013817658,
  "tau": 2.8665804787418656,
  "l_g": 0.2137721524921912,
  "g": 1e-06,
  "mu": -0.05274383086988503,
  "ll": -12.56508596037256,
  "standardisation_mean": -0.09873231435391033,
  "standardisation_std": 1.031023131066938
}