{
  "l_f": 0.09223368432600541,
  "tau": 1.483496498608058,
  "l_g": 0.21377681091179163,
  "g": 1e-06,
  "mu": -0.08973847592406543,
  "ll": -8.03367755010874,
  "standardisation_mean": -0.1306911847208941,
  "standardisation_std": 1.138550294144593
}