{
  "l_f": 0.10193049817363585,
  "tau": 1.3461799141139272,
  "l_g": 0.2196444951255983,
  "g": 1e-06,
  "mu": 0.024303564712863695,
  "ll": -4.277530456462858,
  "standardisation_mean": -0.23027930637223826,
  "standardisation_std": 1.0508304605371683
}