{
  "l_f": 0.10557987260204837,
  "tau": 2.0497951858446704,
  "l_g": 0.22404151998328217,
  "g": 1e-06,
  "mu": -0.08410978034581086,
  "ll": -12.65433403514149,
  "standardisation_mean": -0.188384809856036,
  "standardisation_std": 1.024275131521847
}