{
  "l_f": 0.12075626575476049,
  "tau": 2.1495426367478165,
  "l_g": 0.2797000744560205,
  "g": 1e-06,
  "mu": 0.07784977916136512,
  "ll": -19.785525061968837,
  "standardisation_mean": -0.16057365673188162,
  "standardisation_std": 1.1312855236713746
}