{
  "l_f": 0.13168718009447758,
  "tau": 2.108515299604351,
  "l_g": 0.22110565171213176,
  "g": 1e-06,
  "mu": -0.039670022182967384,
  "ll": -15.33373054469852,
  "standardisation_mean": -0.17867131387595023,
  "standardisation_std": 1.117665098465302
}